"","m1","m2","m3","m4","m5","m6","m7","m8","m9","m10","m11","m12"
"b=0.005",6.98267156425167,4.83047220677127,3.96292382347066,3.43119242987074,3.18373492327538,2.98802226198351,2.84442444539378,2.71699312676158,2.59197809126619,2.56144669213433,2.50804942190992,2.44613417598148
"b=0.01",7.05403546041714,4.89866896956433,4.06853844860121,3.5479298572303,3.31536542953841,3.0797570625327,2.98265195825704,2.86335945125472,2.7833220277156,2.72392886520408,2.63610773927065,2.59967139151148
"b=0.015",7.11872199804138,4.99098729661051,4.18245510281787,3.69477734068097,3.4440647813173,3.26119709077099,3.09473071106668,3.03485748829381,2.92431463076524,2.85438041831062,2.82266956080708,2.79507627049926
"b=0.02",7.18977412659978,5.07965903729181,4.33621184232246,3.80273839778431,3.6095022630221,3.43709222824855,3.25915788699024,3.19903194670686,3.08485967224994,3.04487111664999,3.0485096520854,3.01069510370398
"b=0.025",7.425822214357,5.17521539480928,4.42841263408576,3.96698674208843,3.74216017621419,3.59203888729554,3.4542611373903,3.34536269605828,3.25172825563092,3.18650873636956,3.19158992985004,3.22235901286534
"b=0.03",7.52359169649427,5.29185394549602,4.59430925363476,4.1584485615592,3.87996229609422,3.77239917554984,3.63113381064419,3.53724248575453,3.42263847530435,3.39099633956042,3.43273411656381,3.46836567127884
"b=0.035",7.69135803617383,5.49960404585921,4.68233646988314,4.30014413435402,4.03837971316682,3.95828074135564,3.78670377977084,3.73567720599089,3.59981292404592,3.6243480596821,3.66143527190288,3.71434850751475
"b=0.04",7.92869716096799,5.66547562488339,4.7926787457894,4.42850235946481,4.23178479853479,4.08737748979057,3.9705207673429,3.93920091461536,3.83366009685809,3.87250549388018,3.91357841721673,4.01555637254837
"b=0.045",7.96553948065985,5.8800871391744,4.96123516142289,4.62403805854348,4.400886728155,4.27139969862334,4.13302431157692,4.17765434967926,4.0314053612284,4.0803759494718,4.15507622346115,4.33611395580048
"b=0.05",8.05835011247481,6.01359408678564,5.09433432589928,4.76692784669942,4.5874872345906,4.43100754921374,4.30853903258711,4.40523205721171,4.30061723543161,4.32959776333884,4.41126223715445,4.60639763333004
"b=0.055",8.24992296398313,6.10798749228115,5.14901368364197,4.97124732084597,4.7943037306753,4.62587973236561,4.56167663488437,4.64423867814037,4.60242348687844,4.57750416141957,4.69844906585033,4.87672511451902
"b=0.06",8.44897213397887,6.26261455819206,5.2867070884473,5.14888161664335,4.99197221985921,4.80989380077835,4.747408390064,4.88671957368614,4.88308841024537,4.83449017924885,5.02853381795272,5.25718210263231
"b=0.065",8.6324984089813,6.37374674449044,5.44528566277005,5.26055684712245,5.21791724954913,4.93071902895954,4.96998382912974,5.15961454876035,5.15315458085855,5.18392830869292,5.42006926337343,5.61839153761285
"b=0.07",8.82253788552539,6.56247477400732,5.59177851930132,5.44400518915709,5.3400340370505,5.15408025530521,5.22108929956183,5.42405126466641,5.45838599881231,5.59341252809338,5.70437367716073,5.99491210329136
"b=0.075",8.76740414377974,6.72782683838655,5.75733739767532,5.64985524440682,5.55566701571084,5.39458626943193,5.49052496934384,5.70631771761679,5.74368260015337,5.93591803785463,6.04326196044383,6.43183058819701
"b=0.08",8.85785245235298,6.85435424123558,5.93330442328365,5.82577583291552,5.7239219367016,5.66039504651144,5.79006851838138,6.01716912769037,6.03230892878815,6.2758134637658,6.4826788356543,6.83060947327209
"b=0.085",9.11893287548917,7.00919018756023,6.08225500453484,5.95843450159845,5.95072132259856,5.98690113339112,6.08311134584748,6.27339293577942,6.37018136274637,6.66894573744794,6.94479493037293,7.21623553271176
"b=0.09",9.34820929930746,7.1009966766399,6.29879341707589,6.11019479749693,6.18863292368632,6.16971650739743,6.41102523337199,6.59626578030127,6.73484674859563,6.98283119878957,7.40884069066678,7.64808970054426
"b=0.095",9.5601551583898,7.27059812729892,6.52345500898166,6.37845834596949,6.4229696793588,6.40037385240296,6.69513769619069,6.8744284761417,7.07286127722934,7.39808519313682,7.79649535874445,8.03189887691868
"b=0.1",9.68817496571561,7.44909472233686,6.71518190242671,6.68121525435114,6.62326861722028,6.68000428363883,7.00632713028713,7.29373084462915,7.43248084531501,7.74091450892716,8.167480765658,8.45209297671573
"b=0.105",9.93986393237982,7.58819532361768,6.82661282801513,6.87894992931948,7.00116982375437,6.97764287288025,7.28711167258492,7.58519289378965,7.85259088289706,8.1735051783584,8.51733612722288,8.96075892697033
"b=0.11",10.1415392727546,7.76752723307751,7.00456227400022,7.09475789469324,7.20253733696179,7.21619360618381,7.71925689931807,7.8770128630655,8.25647449759658,8.59261658967763,9.07342355935266,9.51943510102377
"b=0.115",10.2683785477576,7.90711757821355,7.21488509276781,7.32438675568318,7.38827723215948,7.4822410492826,8.01162792429773,8.46673802311443,8.57246461322957,8.99182092399204,9.61881371279444,9.93726392210912
"b=0.12",10.4505251514892,8.10453269557993,7.45957865237933,7.59155935295633,7.64497678108783,7.81082065809252,8.29593801922275,8.87184779866375,8.9096679622015,9.24985803373064,9.87562953077562,10.3532169226207
"b=0.125",10.6524523619831,8.30309955541921,7.63522657230847,7.81737210545547,7.88971230941176,8.10649066364669,8.463286644959,9.17432317958867,9.34559142182316,9.76011481554393,10.2610039076399,10.8131480810407
"b=0.13",10.7511277386662,8.48073629754518,7.86611337332837,8.07500850225439,8.06824455300799,8.43728830936453,8.80838170880621,9.49101526613564,9.77616042026442,10.1394670741073,10.5821870297629,11.2858414120564
"b=0.135",10.8319058389094,8.69353251123845,8.00032913731918,8.24404290407513,8.26919488325951,8.77013388209636,9.14808092612702,9.84302749741405,10.1603818571721,10.6548167740698,11.1003278008804,11.6766609461741
"b=0.14",10.9171490882185,8.88672840890676,8.17575738194531,8.4378732625007,8.63033104836535,9.0474850156286,9.46715298067217,10.2581793309562,10.6107221986742,11.2618504687834,11.6702262484912,12.1814659240389
"b=0.145",11.1371585308249,9.05039346663447,8.37398125981312,8.70428762648106,8.7896717244107,9.28697653376005,9.68245405054493,10.6849646239217,11.0927421506055,11.6899088507801,12.2795272076228,12.6195003495013
"b=0.15",11.3160793588999,9.32042957656604,8.63334073980051,9.01164738348772,9.02294018982991,9.57902396874763,10.2304547153785,10.9744215730381,11.6108454955954,12.1386242809137,12.8061496339316,13.2446369186295
"b=0.155",11.4461099491631,9.49490265811022,8.82803548914908,9.24899351833264,9.28476212018473,10.0397917434514,10.5739072901552,11.2978443652286,12.0682405296801,12.5766619041915,13.113986198964,13.9242968268494
"b=0.16",11.6874204030156,9.65123550346989,9.14423044050222,9.38932783015572,9.56948813707934,10.2427616496066,10.9499809956261,11.674251806128,12.4541467053859,12.800069866578,13.6074950112516,14.4494646766603
"b=0.165",11.8515279553535,9.77378478523937,9.31087591923291,9.78298205109508,9.75864380009174,10.5257861585254,11.4215220358686,12.173501410174,12.8146644732325,13.134274381012,13.9976106044117,14.8408388839998
"b=0.17",12.087450689095,9.92433445619399,9.55061458747824,10.0806300978146,10.181025658824,10.8415186690492,11.9382815888141,12.659080812855,13.1150191923333,13.5297760736193,14.3727029997973,15.3941365736303
"b=0.175",12.2448147021557,10.0334138858467,9.88141727256909,10.2528375478061,10.4722227587511,11.1233560231527,12.1173310461734,13.0352389498674,13.7124724205852,14.0868491691511,15.1202467390771,15.8595601507488
"b=0.18",12.5783975836398,10.2628335834443,10.2109953804485,10.7614522912799,10.7499889357339,11.5084841379505,12.4889715793105,13.3976925114436,14.1404757245811,14.6545445694411,15.4084560229212,16.4453406823044
"b=0.185",12.6198678522942,10.4645783916623,10.5756138470073,10.9415727534067,11.151014518165,11.8579068811168,12.811312110424,13.7062953406128,14.5616551213543,15.033583562771,15.8591536863436,16.7003421031187
"b=0.19",12.7914579285802,10.5420382805103,10.9029441898538,11.1816414852502,11.4139479623375,12.1638831482831,13.3076206429217,13.9289119783563,14.9361915926293,15.4531337742819,16.2834371256619,17.1839125133232
"b=0.195",13.0221925010897,10.7440201800564,11.0006690242725,11.5588296628058,11.6141963504425,12.4186889365431,13.5676399905794,14.0739526491028,15.2298147351915,15.8151130268322,16.6558573308628,17.8748000396373
"b=0.2",13.2381717559366,11.0261013126289,11.4417068602305,12.0058493125927,11.8799827333056,12.7040222014834,13.9870170676172,14.3412176827204,15.6163232208088,16.1235733549343,16.9425904172716,18.1262864637995
"b=0.205",13.3780012593342,11.3500705077029,11.6331628233203,12.1527870123736,12.2606134900661,13.1342491655934,14.3081917224109,14.8233845937147,15.9894012954679,16.654898751753,17.3715708411757,18.5496031521902
"b=0.21",13.7207991369832,11.6058034094087,11.9431213221636,12.324957795307,12.8179140283456,13.4885399528262,14.9331748789552,15.3108778262035,16.4105566137444,17.1980769665266,17.9317845383762,18.879798243298
"b=0.215",13.976536386511,11.9495367567668,12.1441662123065,12.5597482945125,13.2862172011818,13.7799835802127,15.3704865587248,15.9259879345302,16.7363949282634,17.8626155196301,18.3806489802105,19.3764964371177
"b=0.22",14.2706075543851,12.340756733562,12.2693896373198,12.6670984207169,13.6461768049151,14.1177513127506,15.5981243762659,16.1614255575063,16.9575237586406,18.1051748859041,18.7833111378858,19.8927405052669
"b=0.225",14.5638781792628,12.6682453035214,12.4906234960222,12.9842050560487,13.9763706469866,14.6743854091537,16.1531690160529,16.7326450358188,17.2398337386523,18.4490320684771,19.152837455787,20.3193330882621
"b=0.23",14.8770064170871,12.7640599691204,12.8500070385898,13.3147398760893,14.1421824970551,15.1451864187098,16.3211120263597,16.9464617606466,17.5528130191263,18.8307278708741,19.8285977804474,20.8657127462187
"b=0.235",15.0427939802965,12.9518251431996,13.1578881751577,13.7913952902487,14.4875530229675,15.4175674894586,16.7140005724502,17.3289921570288,18.1336699357238,19.1796064708926,20.2347783872561,20.9712366660135
"b=0.24",15.2619119170659,13.2279214315221,13.324207409492,14.012272423565,14.6928219371103,15.7720008597308,16.9449489305077,17.7272458313409,18.6099571265882,19.5745691936385,20.6863269454282,21.3101553081207
"b=0.245",15.4746892234692,13.4195917293006,13.5137141144468,14.5253042788016,15.0327666946692,16.1106080712648,17.372630792321,18.1033560349993,19.0464601958006,19.9300899793562,21.2702877353537,21.4563312842225
"b=0.25",15.8907075580016,13.6044705833014,13.7443156760106,14.8991020104704,15.2900812984391,16.3210591040121,17.5890983328837,18.5652052988108,19.3974272812058,20.3801737473712,21.6028847934543,21.8891775995288
"b=0.255",16.1746878820668,13.7993825607431,14.1927865915575,15.1695558997978,15.6710971311892,16.5070610168661,18.1985275876136,18.9778776422022,19.5332342234512,20.8613639090145,21.8794544834415,22.4745865843901
"b=0.26",16.4501741469264,13.9874087677092,14.3889939382085,15.4211203250372,15.9570459171809,17.0987489156266,18.5629664387009,19.2571800842719,19.7606118754275,20.9192011106979,22.0554491265514,22.8842990390183
"b=0.265",16.871794320574,14.3153214061197,14.5643185170057,15.7212439298426,16.2364135030609,17.1907304075226,18.8013935906489,19.5354523560704,19.9068822061326,21.1790663515424,22.5007033051078,23.379523591789
"b=0.27",16.9741468378122,14.4279039475364,14.8282524284735,15.787045421863,16.5097526078838,17.6587047481737,19.0040395335315,20.0629721419482,20.2499878198581,21.8970557962852,22.9066328324661,23.8294757165275
"b=0.275",17.0014380847297,14.7439464592061,15.1532780297863,16.1961936271709,16.7961734489296,18.0870900984721,19.3246107635811,20.4138355086211,20.9308997961863,22.2325471252721,23.1427078505136,24.8366998438041
"b=0.28",17.0517666491751,15.2171744501416,15.3477205242221,16.4368714920093,17.2911246872342,18.3860327809424,19.6903917600178,20.7010097988931,21.1690976922996,22.707918972862,23.5667025696438,25.3785725625275
"b=0.285",16.9895471248763,15.3733079305147,15.6403020992361,16.8769212136239,17.385081644782,18.7838728971889,20.0630691544727,20.7816492777584,21.7936855667444,23.1692029967096,24.3195520007862,25.5826369700314
"b=0.29",17.2433677069978,15.8635115286696,15.8044238001731,17.150144180552,17.7009960921426,18.9998228572564,20.5767191257868,21.2440746586007,21.9790456148744,23.5635291478135,24.889958282639,25.9522749529779
"b=0.295",17.5859109061583,16.1848731703902,15.9587228675767,17.2853418037161,17.9118066876326,19.2129157185952,20.8525386734754,21.5058784476405,22.4252556645077,23.9366636419836,25.4121810130957,26.6362174413616
"b=0.3",17.8011968496313,16.237186993493,16.0421324886308,17.5228434546073,18.1708095028211,19.3426236534003,20.9914015984133,22.2430269822896,22.9573546137575,24.4814050430316,25.8173835521555,27.0605250412814
"b=0.305",18.0558791338843,16.4115701086577,16.3672937406482,17.7615065874016,18.4234790255618,19.5887797769915,21.4935791710831,22.6082641646541,23.6137021516353,24.9169733493009,26.0511271534138,27.3757788543246
"b=0.31",18.2771315846449,16.6462457489804,16.7684193298446,17.8682604770285,18.4963708806585,19.7920463593814,21.8033760780696,22.7230576202185,24.1064270975304,25.2369986341796,26.5228675477634,27.7549950391447
"b=0.315",18.5982956635855,17.1471565082902,17.1083990234982,18.0179765953303,18.6599331302391,20.1025439886009,22.0018182194435,23.2014355474946,24.1568299287925,25.4918357883611,26.616987338508,28.1811967120455
"b=0.32",18.7570836610841,17.4504745192825,17.424194880679,18.3038303880711,19.1065152013836,20.3644020018002,22.7308103381134,23.5127523780765,24.5229315986839,26.0188568327035,27.4679196606129,28.2521229749756
"b=0.325",18.7868987880422,17.9231737258981,17.5388014021786,18.4889263359079,19.2894582244573,20.7561343181744,22.7286065055793,23.819751196036,24.8470875162878,26.3326775488888,27.7075925020279,28.7304889074045
"b=0.33",18.9905808120329,18.162894835787,17.7686802979873,18.6886641175435,19.8482675434863,21.1034691742585,23.2365775807716,23.9890497956747,25.4399134739154,26.4212011880045,27.5882749940661,29.1230641057421
"b=0.335",19.0392737803541,18.3173221250528,18.1693037249514,18.9832139953429,20.19577542866,21.2996838180102,23.4669747418943,24.0830842667747,25.7609540049287,26.7061911316558,27.9736501343605,29.5633924646767
"b=0.34",19.3485132807927,18.4329765286832,18.4924331580175,19.1042034959882,20.6176276665033,22.0168346319146,23.9329595267685,24.6393998755596,26.0927067937467,27.1751857871305,28.4886354410712,30.259854876501
"b=0.345",19.7240560022975,18.6710309870536,18.6264113157357,19.4854040492523,20.9960316815711,22.5785831062632,23.8600181942293,25.0807836626101,26.4891124818919,27.4664347170248,29.2665092261225,30.53423577623
"b=0.35",20.0067751137249,18.9171528719275,18.6788259375033,19.9758167202708,21.2432399940193,22.9662904008685,24.5563607641639,25.5705972688651,26.6209379650759,27.8636801638601,29.3471675731214,30.8407720417204
"b=0.355",20.3220724370434,19.2307999847164,19.2944321739437,20.3896322410685,21.5798794402377,23.0855711015405,24.6242295358611,25.7385971313298,27.0220400882155,28.5425165859596,29.1592738695968,31.2773687186731
"b=0.36",20.4951852809388,19.2570459254577,19.6874326258632,20.9042607120714,21.7511414098029,23.6362649697162,24.7815862674892,26.3633380104812,27.6238949206956,28.9797929000053,29.6891373008846,31.8232041749938
"b=0.365",20.4914485835792,19.7203178866527,19.9990194224804,21.193253518223,22.0476878304026,23.7745740148168,25.325047295158,26.5621479437794,27.9007523192775,29.1505657552634,29.920620693543,31.9267582914429
"b=0.37",20.766889882018,19.9342059045828,20.4955539077598,21.8185477485723,22.334159282155,24.2503975465397,25.6384642589964,27.1205670205681,28.1615671323364,29.542153460055,30.4009161150437,32.4922792791024
"b=0.375",20.9682795982337,19.9094511202651,20.829927089426,22.1379109617489,22.8749845792709,24.5264730350053,26.0321555286518,27.2686264122202,28.6480476760392,29.8387664815094,31.1399220115713,32.7039824682248
"b=0.38",21.0717588990667,20.1825203683338,21.054363298118,22.331122550906,23.119522834817,24.6380063206504,26.5221112982383,27.652808433554,28.8597125656908,29.9735829377447,32.0039191656178,33.063050515327
"b=0.385",21.31107641838,20.4891103970046,21.4207012658269,22.1649881374433,23.0026099648653,24.9892990734316,26.9612663893501,27.9151977956774,29.1153285936514,30.2743066136202,32.4765153006054,33.8134216487164
"b=0.39",21.5720528361182,20.6780335278911,21.4581642740099,22.3021424031626,23.2157123544747,25.5257382433059,27.2097922939785,28.3054780215166,29.5984777041641,30.8616072620342,32.7530786807103,34.0028285437853
"b=0.395",21.6513203354215,20.8679549942056,21.6000016191224,22.3381765415802,23.5894782580195,25.643247000964,28.0586733237699,28.828287834177,30.4099153840314,31.3992040277669,32.905924989253,34.7692596241057
"b=0.4",21.8526203223827,20.9711533703884,21.7994099321414,22.785006644242,24.0831860698069,25.833812671198,28.3317382278476,29.3591126167304,30.3873088272542,31.8539788701226,33.0640288623777,34.7015090566833
"b=0.405",22.2151732121244,21.0604262667174,22.011020135667,23.0716011748573,24.3822992808643,26.2780471591408,28.6740191818213,29.6401233161993,30.7326296049594,32.0040832504818,33.3824305197365,35.2405651114623
"b=0.41",22.4524210217093,21.41839427884,22.4166292390422,23.7350108699363,24.5429805490609,26.3769750866597,29.1820487364092,30.1680735392949,31.0765314190733,32.3841959700034,33.9416300573067,36.0295193509329
"b=0.415",22.8395007455091,21.5491892319105,22.611350415238,24.1598959681842,25.0294644934187,27.0629292574387,29.6053348794225,30.1965998236204,31.8035959720439,32.7352198301257,34.608095465622,36.3130230741009
"b=0.42",22.9853970861423,21.8273217574318,22.8130734987519,24.3724057759436,25.3500765450105,27.5082820384119,29.9877911426148,30.6737775575681,32.4797461013974,33.7061963337193,35.1349160896583,36.8469935126546
"b=0.425",23.1763394297177,22.2398171035762,23.0431838736187,24.3709833053274,25.8630789287321,27.528651675513,30.0572413912614,31.2415258841668,32.8808662085535,33.8993107757274,35.438391315707,37.0682272062152
"b=0.43",23.286014577265,22.4293558365573,23.5351759622824,24.9267927189283,26.0685838466093,27.7128639385628,30.3190566458166,31.5285803292137,33.1745546376202,34.3314974006824,35.8108160929348,37.0374432151516
"b=0.435",23.7327544119145,22.5823311444533,23.5267141051933,25.3276607772695,26.5265833332184,27.9831986290585,30.5999670701862,31.8302464565287,33.4665901637184,34.5673579033788,35.9821369149095,37.7852350607563
"b=0.44",24.2507575670894,22.6882804614868,23.6652783961121,25.6976501288619,26.7238796646751,28.2935654312245,30.7555361574736,31.7892690999006,33.5229097476315,34.8909480404184,36.2217983962824,38.1949927801274
"b=0.445",24.7961039177383,23.0158863656711,23.9806397992422,25.7452570284658,27.1250706674229,28.5149220771628,30.9051998047915,32.158277664116,33.9824171334345,34.737814889398,36.704112263481,38.5728031841241
"b=0.45",25.2183499018436,23.3263353174879,24.4327457799613,26.0348452474934,27.4720817274353,28.9940310750797,31.2183144062941,32.0255013477647,33.952911858509,35.0842997577261,37.0354575376314,38.7800132351182
"b=0.455",25.4972518494607,23.3571419816265,24.7424311147391,26.4009777867991,27.6126255731862,29.393790365242,31.6191897183545,32.6352713287506,34.1466693869816,35.50141405405,37.4367305913058,39.5329987329395
"b=0.46",25.7271084781821,23.5366137599323,24.9363000846855,26.6384471789233,27.4927042854422,30.1151280443205,32.1391713411958,33.3188464588461,34.8784932429652,36.2993607918173,37.8634157446718,39.6197012150488
"b=0.465",26.009406514259,23.762457484824,25.3238215427641,26.9619653481994,27.9181619391692,30.600113127028,32.5444826203021,33.163192143491,34.9676485764104,36.5990221363808,38.1487259499771,39.7315973462851
"b=0.47",26.2861643723266,23.9322182799839,25.5330973601436,26.9423529995477,28.1442067100206,31.2475566116799,32.3314736592323,33.6061283512785,35.1758828026678,36.9998404366236,38.4126524651278,39.6363037934591
"b=0.475",26.5966879664614,24.1596686582959,25.9397594039928,27.1139358592523,28.3015870848896,31.3321563470322,32.7999447959524,33.4991576367446,35.7764008078786,37.3897970218765,38.4731105365989,40.0442983975056
"b=0.48",26.8632708363167,24.3910821311818,26.3042417191794,27.5834678344793,28.5449550783993,31.3273724604829,32.8294266861399,33.8331675475058,35.7586913815466,37.6270910993295,39.1262464555997,40.7071455538028
"b=0.485",27.3638938089517,24.8952147141884,26.6436620517724,27.8927741025703,29.0519697846715,31.4561712777589,32.6467263182009,34.3898420008247,36.0237158860833,37.8686242488525,39.5409991452677,41.3644225763794
"b=0.49",27.9426901606532,25.352287551521,27.063945991871,28.4321943395557,29.5135583727858,31.5048120439725,33.0388607248091,34.7965201961453,36.5112757394429,38.1488076679515,40.0109132184626,41.5714379168485
"b=0.495",28.1495716786368,25.9380066434166,27.150383947155,28.8625731403073,29.8903836453256,31.9594310294925,33.5007862207919,35.0354389014379,36.9440490517624,38.1849465913884,40.6572486337208,42.3284763385973
"b=0.5",28.3664975715708,26.2733015549411,27.4230449505272,29.0386429206113,30.2849584259049,32.158450376789,33.6553795208574,35.2518980431085,37.7052196922502,38.6186413899011,40.9066184663658,43.0777874583435
"b=0.505",28.7617902877782,26.4124314150992,27.8893919134991,29.3130225870677,30.0720113949165,32.440586598585,33.9171483963991,35.4291261773025,38.1616256219076,38.9488442917097,41.6352524136109,43.5224200097112
"b=0.51",29.2167137201987,26.6519724848776,28.1865332194937,29.8223256375133,30.441126395026,32.5740667098388,34.6659346517494,35.6106343405255,38.4392177490601,39.568160821289,42.1521761740753,43.6880237833288
"b=0.515",29.26371688945,27.0517218264426,28.4964981417726,30.4209430344058,30.41257045654,32.7419365254778,35.0774774416226,36.0324641931102,38.6057916306851,40.2628342064282,41.5808713465881,44.7338765503592
"b=0.52",29.0081093112016,27.3342645855619,28.7891358048497,30.4063798401695,30.9925329795689,32.8812866041987,35.3233484873281,36.718885676382,38.6599682313388,40.651253978104,42.0948885976656,44.7336069185093
"b=0.525",29.3063885251185,27.7145319722178,28.9998469458136,30.4748447399388,31.4248869854814,33.1104332213889,36.0235231905341,37.1324058095342,38.8713017912046,40.5496978720582,42.4374802812195,45.0717647153756
"b=0.53",29.1009990721989,27.9405395054205,29.0673703456526,30.86567331776,31.9042894124286,33.304258338898,36.5043649523513,37.5016631630316,39.6194466349156,40.900090885904,42.6583989412765,45.5187169340373
"b=0.535",29.3691016031583,28.2013383535735,29.3412475442699,31.2871868284177,32.1732526104137,33.8434151715332,36.821596577522,37.992668736202,40.2423555266765,41.5840572521976,43.2921144395118,45.6808343606981
"b=0.54",30.0051690416886,28.0737969150391,29.6874060680481,31.5769788400411,32.3895058662454,34.1682324864115,36.7362526505376,38.0591791287562,40.8721717422261,41.9951011283482,43.5980453985588,46.0145496823975
"b=0.545",30.00826669302,27.8963153874306,29.6160011980912,31.7877287976412,32.1780105916762,34.3987274211239,37.0704762321738,38.9006065477832,41.1282346314705,42.2741124359603,44.2973846071488,46.2521937500917
"b=0.55",30.4158848503765,27.9989066550478,29.8152496083527,31.7913043054112,32.7972854235692,34.6435676007091,37.1482501591428,39.0376262532019,41.7799937370276,42.7305706744394,44.6863439965262,47.0467206132973
"b=0.555",30.6928518447604,28.2385987638614,30.0425208886479,31.8926086405535,32.8547374150364,35.0663237342594,37.8037288188364,39.5352502830624,41.9727619478386,42.9868813345223,44.8527043290842,47.6627921198555
"b=0.56",30.6427696216473,28.6309213789086,30.326584269298,31.7980888369231,33.1016486841252,35.434004813396,38.4079141611928,39.7339853303659,42.0892274224718,43.2320643800356,45.3554751955919,48.1447137096555
"b=0.565",30.6446973202725,28.9251764199715,30.4909141773914,31.9781925518147,33.5590981625339,35.8022492842928,38.9543376897676,40.0051012857987,42.4423033779852,43.6315655928646,45.8187438751075,48.6995859666489
"b=0.57",30.7935083512285,29.475728009834,30.6917173200638,32.4372098304873,33.7950591866641,36.2284282135173,39.6922150232762,40.6128377665736,42.8061381729277,43.8198864126934,46.2029010238169,48.6566440608578
"b=0.575",31.1272383885879,29.8759470311783,30.9739300872034,32.7625484930756,34.198200299767,36.3360052853482,39.54613372076,40.8440108518633,43.0109707607282,43.9907048007087,46.2909209243489,48.9074151615128
"b=0.58",31.5624275949675,30.1492169410053,30.9404733382695,32.9995076004407,34.1196883201728,36.4394141571976,39.9501954627288,41.3635345908353,43.1318861082166,44.6255227528135,46.7155888747602,49.2169073015055
"b=0.585",31.6006251309434,30.4414474205558,30.9346533894827,32.9516154682632,34.1873096899998,36.4183965645768,40.3551305133799,41.3889840438429,43.4326678421114,44.7077763469548,46.8583555633282,49.1715151515623
"b=0.59",31.8144803644869,30.5458454666295,31.2942551572736,33.3018991121485,34.8298100334114,36.8241657478244,40.5139842919884,41.8854167473937,43.8363976228272,45.3392563678255,47.47989641166,49.7260484159696
"b=0.595",32.0788562926526,30.644690440863,31.8509035295249,33.487299619363,34.9285181314019,37.3523877695656,40.315920704405,42.0678374097457,44.2844472319404,45.4187286610654,47.441061624503,50.141959173234
"b=0.6",32.412128267457,30.7626018783385,32.1514650459749,33.6095997995476,35.1123009839874,37.3731526374102,40.4893103092183,42.2846482677728,44.5437161410883,45.7177011919877,47.8033477627122,50.0876835317506
"b=0.605",32.5642666308325,30.8754897615858,32.2998919970961,33.7203280443874,35.6138891803506,37.6573168165655,40.873603289982,42.5447196245459,44.8409636079387,45.6709884454721,48.6606749040451,50.9615457251429
"b=0.61",33.2206297773809,31.2145690858606,32.3583548073248,33.7355053104019,35.809249336015,38.2444445673447,40.8947473370989,43.2098927056383,45.4525341327102,46.6608166115199,49.0727630221645,51.0579137202112
"b=0.615",33.8256735777718,31.3954204763657,33.1045256528936,34.0303062223751,36.0536693383388,38.4854634852357,41.6864954555998,43.6449635336314,45.6960954497682,46.8757817030061,49.2527303519591,51.9285617413228
"b=0.62",33.8592882874878,31.2431904581627,33.2651479148692,34.0753432980512,36.4161690169151,38.8275758620057,42.4167050307957,43.6536852716877,46.2839245958961,47.5474348186589,49.7280447861996,52.1654183292369
"b=0.625",33.9424669031762,31.3256390948867,33.7403760663696,34.2970754929298,36.5299283956353,39.0735973764188,42.625916734438,44.0446106072642,46.5006133675214,47.950531494298,49.972698763211,52.5185215919827
"b=0.63",34.1231252290828,31.8095244593395,33.919966873888,34.6694004569763,36.9214946311842,39.3154070738697,42.9886917146207,44.4896881262258,46.9864524723769,48.5289619841578,50.4217687815408,52.9018307826028
"b=0.635",34.2813078600668,31.9145953631202,34.1668548517572,34.9200396730717,37.0596792969681,39.2135844665826,42.9779289462028,44.4678225855982,46.8680287569001,49.0844589860824,51.2384686074889,53.1088036736099
"b=0.64",34.4816897875154,32.185673891746,34.4372728033888,35.1592489493031,37.6140744193199,39.9864521963008,43.2743705025179,44.8819043178276,47.091127477596,49.6864932761174,51.0973070438155,52.8628259418311
"b=0.645",34.7876060584624,32.7283022126447,34.7389147229492,35.5320623231263,38.1472097578428,40.2509519691359,43.1313320635526,44.8918630097468,47.147333116373,50.0492753240202,51.5981368701671,53.6658717517963
"b=0.65",34.7185133047944,32.9475257593275,35.082495173652,35.8086912165301,38.2236457208925,40.3190803434714,43.3327748497377,45.2904915157387,47.5594291058861,50.5086087790368,52.328857006185,54.4178208123606
"b=0.655",35.1786384230974,32.9613800027149,35.3398594154457,36.1758946346296,37.9345593770967,40.4758735672644,43.3372764473146,45.6053947195775,47.6294780225263,50.6203884059644,52.3525567297269,54.877533473412
"b=0.66",34.8580089616811,32.9778185223104,35.6080803748655,36.4926299442734,38.2644681397554,40.2674107433427,43.4919477382336,45.4616328574698,48.07392493653,50.8751495951505,52.3824899323175,55.462244209998
"b=0.665",35.0976739814667,33.1978142126009,35.8257390812822,37.0769965326201,38.7661620173323,40.4523676435119,43.6046228203287,45.9100524890177,47.825572241657,50.7330425697187,52.4943713701429,55.7472898918698
"b=0.67",34.950763485585,33.7623684585175,36.0791402355081,37.3416324105194,38.8410883036334,40.5833972788216,43.6739429295133,45.7702498260174,48.1343510669387,51.0853429906692,53.1706819146175,55.9657348823347
"b=0.675",35.2565925935637,33.927606685672,36.545618262458,37.4639362334561,39.2214948933009,40.6411231024179,44.8431282322367,45.5874636730432,48.8331086940094,51.4880361345401,53.5874803594024,55.8348130627305
"b=0.68",35.408640109004,34.7401225200009,37.0779681367142,37.7150523122055,39.5361115782555,40.7197253701909,45.5107654700308,46.4929849273004,49.5762440368254,52.1917532046831,53.340585994708,56.7432095688884
"b=0.685",35.6777409177716,34.6219325880988,36.9722523689098,38.5460136038996,39.5377357438771,40.9662750613322,46.3178600410559,46.6526362449831,49.8225318297177,52.3268283191702,53.5370285257023,56.8457989229457
"b=0.69",36.0424932979719,34.8524570559738,37.1735630783277,38.5298483178714,40.0743502956457,41.4715893080494,46.4368576669234,47.2977395746941,50.1961498292445,52.6352771279128,54.0817370810364,57.1611483500744
"b=0.695",36.4184368431425,35.1969418628949,37.4472090710093,38.8664152471791,40.3868610643914,42.223378710593,46.5796910227912,48.1238525318934,50.3957886753305,52.8952007375292,54.4463373514184,57.6095685254763
"b=0.7",36.47649791783,35.5539114081613,37.6377603092802,39.6490852746104,40.8242368000639,42.8113103338361,47.0369839628897,48.599001043542,50.937066013835,53.0331963337166,54.95799585827,57.4475018552074
"b=0.705",36.4066639829609,35.8636335674741,37.7083416755761,39.4644036642501,40.8313857661671,43.0084199442297,47.4184638964361,48.8915272051125,51.0410147210771,53.4171103202865,55.1603062300125,57.676288795527
"b=0.71",36.4624840466519,36.388184058914,37.7174867405076,39.2546534558266,41.1876909771029,43.5763713057239,47.4110938977248,49.3248074069598,51.4009509822614,53.5011339900691,55.9069821642284,58.5370120751173
"b=0.715",36.5202681976188,36.8280010976447,37.8031940668164,39.8022955016847,41.8090520627534,43.6006511538494,47.6150706493228,49.6325175823947,52.0560938593817,54.1080846488334,56.5846486135173,58.7179976849369
"b=0.72",36.471313108278,37.0620075798351,38.2819497763813,39.9841904515942,42.2747699731452,44.0004404285541,47.6642538912883,49.9488979776007,52.074163076806,54.2851883311142,56.8057520172514,59.0897970317143
"b=0.725",36.431623633015,37.4357081272354,38.4291275409793,39.8690082778146,42.5923122760624,44.3540371506071,47.7978940098524,50.3667687705978,52.6117494501995,54.327242178879,56.8120755196998,59.5388566931828
"b=0.73",36.5805818084587,37.7800450802914,38.8566278119163,40.2278644627657,42.4296661464565,44.7182018970919,47.8868513075424,50.7836506398521,52.9956456649673,54.3577025101421,57.1562235509633,60.0277847762767
"b=0.735",36.7736597941994,38.0586820215688,39.3825253682477,40.521595746912,42.6869450952737,45.5428056054626,48.0365047060007,50.9741214520984,53.1448849411976,54.6207132663748,57.263072309832,60.1984578061505
"b=0.74",37.0435855022905,38.3587498177043,39.6972862468908,40.7712641629755,43.0788311613324,45.9975386490928,48.4432216038493,50.6283955203051,53.0405259860588,55.138160326194,57.7422947599916,60.688034040149
"b=0.745",37.2993793148534,38.7145544810462,40.1879454900322,41.0358695250957,43.5203731639805,46.2507022076286,48.4849856255512,51.2679525110298,53.4517001055528,55.5389611812517,57.780401595203,61.0413102185428
"b=0.75",37.5360015291117,38.9123146988682,40.5667076133214,41.4540538660486,43.7785095988319,46.2643622805338,49.2915353575523,51.5116086585969,53.9056642751369,55.9216768941333,58.3307634990915,61.0358716701625
"b=0.755",37.8495282481155,38.9702396394005,40.5185475639601,41.7510875841614,44.2922214201347,46.6267217239203,49.3801262832507,51.9354603640123,54.0601758640428,56.4682325361421,58.3240961790174,61.8737378518788
"b=0.76",38.2113513799917,39.0278737328326,40.5703264863106,41.7353466791576,44.4995157988554,47.0607907086407,49.4695156395761,52.2406235796686,54.1441704556909,57.1277315045178,58.4159656623472,61.7300633179387
"b=0.765",38.5545106809592,39.042617227938,40.6633758646429,42.3513576509477,45.0950881822402,47.3797245769662,48.8280719814834,53.1451320782007,54.9488839005801,57.4266779765229,58.4958811236476,62.4919508168227
"b=0.77",38.8141613020781,39.3992218405431,40.923522025771,42.2285824617386,45.3505590876503,47.6928580807589,49.0938250065589,53.339408622553,55.1247614673188,57.8462649076872,59.2590490381426,62.812594587292
"b=0.775",39.0588191171355,39.4653456372407,41.3115619544738,42.7138282438095,45.749872857345,48.0275124079183,49.9204020488431,53.6425725676109,55.7897123983659,58.1575240740679,59.4838789723827,62.8978629427064
"b=0.78",39.5716994881823,39.3737861213124,41.727987547288,42.8260395856819,45.6443857450656,48.4184196444558,50.5398062494772,53.7293442037589,56.230908602555,58.2846244485229,59.8956867317093,63.8425510027288
"b=0.785",39.8055014970983,39.4470478957321,42.2453735574391,43.0067014231289,45.5269095793952,48.5497790304393,51.0235830979938,53.6675950367145,56.564535968859,58.521301317111,60.0840514079952,64.3514479748927
"b=0.79",40.1356308554735,39.7059010010085,42.3745979334828,43.101855620377,45.6633795020177,48.9563216532141,51.4027981082485,54.0558600156852,56.8786762386262,58.9015670231229,60.7140496450459,64.6460927805412
"b=0.795",40.4370622135876,39.9719491797527,42.4505610821241,43.2807927386765,45.8782476397518,49.0482555736202,51.665966147316,54.0788588478408,57.2406478540212,59.2227864995303,60.7712109682874,65.0660541117014
"b=0.8",40.75903255785,40.1171218741624,42.6395776042718,43.5374005387036,46.1814352989282,49.0084244205014,51.6139100961071,54.5733544906032,57.7608841672109,59.6713446786484,61.2149964543462,65.6499176590761
"b=0.805",41.0457742154656,40.3310129580159,43.1499266400051,43.8531208676317,46.0905984523434,49.122601412494,52.1045296618658,54.9557764008321,57.7609949720003,60.1427463241659,61.7811580317966,65.9337527409311
"b=0.81",41.3054864819246,40.4566177833241,43.1772645374858,44.0902158329734,46.496468262667,49.5674261539508,52.5216038996828,55.3026841382557,58.6767309870044,60.1238082543794,62.2301045184516,66.2899291671937
"b=0.815",41.6937320071762,40.6981955044363,43.3162269123226,44.2581198426781,47.0824838050651,50.1594902731075,53.1701811754854,55.6793884648866,59.3027270369419,60.3908987651532,63.4391741121098,67.1017139686092
"b=0.82",42.0218971756174,40.9924726842324,43.3666661740163,44.6694210732532,47.7330277061126,50.5306682642435,53.5605597824745,55.8100052596053,59.0699008025539,60.657197369429,64.3225349946633,67.1792960414168
"b=0.825",42.353826311846,41.1186750505215,43.4163408311533,44.7913102021681,47.9657086818766,50.2183927380013,53.6790702193067,55.9503877517946,59.3028513651247,61.2712193678599,64.7775990371162,68.0023129706777
"b=0.83",42.9717209155431,41.5464038492108,43.4548740694716,44.9685808066157,48.332329475401,50.580267184808,53.6152296111657,56.5668130919519,59.4667322243584,61.5411571671056,65.5666615380652,68.2061738176282
"b=0.835",43.6878343202283,41.7356073342568,43.7889546432482,45.1249754573976,48.2278767037839,50.2463905733059,53.8140165098258,57.5519662349489,59.7064323157335,61.6472635657998,65.6302046639789,68.246599970405
"b=0.84",44.0313695311655,41.9753138207191,44.1779584811616,45.6025727184786,48.3614215382088,50.3928540443322,54.7320610636502,57.969187895802,59.9789010921155,61.838184659773,65.9534854690636,67.8495802656388
"b=0.845",44.4516324037353,42.0810876063428,44.408440811693,45.6686054737896,48.3731981326991,50.5278922160209,54.9881915928559,58.4969619113529,60.5222852341618,62.6381593461267,65.959074821804,68.6514687864913
"b=0.85",45.0137730235838,42.5332450621846,44.5496671015136,45.7617417760536,48.5625957115281,51.0418445592376,55.4381007919531,59.2814979690471,60.4645877030691,62.3439299297224,66.6591938720643,69.1771913004015
"b=0.855",45.2646367458871,42.7566487421097,44.5416687754853,46.1001031739569,48.7887765128475,51.2861717265367,55.6323879411501,59.3643925394398,60.8293650371997,62.5795041240855,66.6520288264302,69.6453390952056
"b=0.86",45.5100239236911,42.9496622091933,44.8094086517494,46.5493604624445,49.048284953209,51.3414121260501,55.8340249653097,59.142409359341,60.9097767363127,62.6308622500291,66.8485359314718,69.5749790346143
"b=0.865",45.7926246654677,42.9076091398368,45.2158349530075,46.7378169655429,49.0754416791249,51.3988104249176,56.3334952400087,59.4043266625793,60.9428119372424,62.775855127295,66.7641165885207,69.364271557352
"b=0.87",46.4452723839414,43.1674488638338,45.5590086481079,47.2924661590897,49.1957915106119,51.5850427068848,56.7052818442121,59.2063996227483,61.1310962141669,63.1217660063494,66.8084089658712,69.8429006247356
"b=0.875",46.5637910628368,43.5797142780095,45.7528281981326,47.4023760097798,49.1746997060334,51.7570056354764,57.0465156063188,59.1606816036434,61.1074370817753,63.6569355672564,67.6278805263873,70.270529893452
"b=0.88",46.6631733434049,43.8560196010656,46.2898964947419,47.5733474168303,49.5595522093885,52.0916841611337,57.2765370191422,59.8449252582076,61.3663015957556,64.793876298395,67.6334819876916,70.8070444368597
"b=0.885",46.6477085105163,44.2858482874012,46.2247622111812,47.5317718279588,49.8504691090808,52.2091204607333,57.8166812394135,60.1147050287968,61.6044397593772,64.4431934284777,68.0097320427892,71.6464750459944
"b=0.89",46.6575036856791,44.533760897232,46.5196367075492,47.7989019828149,50.2183299010626,52.5375908609302,58.2173036971271,60.4207756658052,61.9851446967529,64.9942468709919,68.0863614435784,71.8929654108097
"b=0.895",47.0229539595578,44.8328259963065,46.7393083298097,47.9672644768021,50.4113611446443,52.5072844810159,58.1979420144969,60.5955576171612,62.6104938632158,65.3740441339819,68.207088883607,71.635471457413
"b=0.9",47.1553758487603,45.0355853135399,47.0600791802012,48.3122915349455,50.4753964567923,52.9851513750311,58.1449726703755,60.6009734973212,62.9423639226989,65.7630281098291,68.1835618109709,72.4950818693878
"b=0.905",47.303633582356,45.1002233067743,47.4760380400544,48.4053758511572,50.9379515828099,53.2914784879357,58.2661412090246,61.0359207894574,63.2878358335294,65.7945953781968,68.9184791758966,72.6731493198205
"b=0.91",47.7834414207791,45.2372498152732,47.884900248314,48.7022999786639,51.3662565291382,53.1964619788068,58.2246576818288,61.0752333072266,63.6215289459096,66.1108084122715,68.796667381853,72.5323638766521
"b=0.915",47.9144675082185,45.5258267989479,47.9908688510304,49.0312631002653,52.0978825974835,53.1425271772378,59.0189989671324,61.0957793495823,63.834664136795,66.4038675285226,69.367474566446,73.3267574368871
"b=0.92",48.1157390676563,45.6064116619505,47.907297830211,49.2476452485344,52.4237731988071,53.6600691115868,59.3976482706528,61.2068695178335,64.0151714014281,66.7192010616661,69.5957237443193,73.9383313532678
"b=0.925",48.3155189804755,45.6505759610113,48.1770723479756,49.5965736862056,52.5978733016391,54.1367526119282,59.5095378788235,61.0541599060179,64.2154721950095,67.0646724937039,70.258056050095,74.4270587841234
"b=0.93",48.668527155143,45.8242379232719,48.6827273771023,49.9809257603221,53.0488985686865,54.2740392542186,60.0795145415082,62.0829976150579,64.2855089271324,67.285127933433,70.0583329144108,74.5568452555712
"b=0.935",49.0287844578013,46.0588197783791,49.0426083440803,50.4608207492914,53.1085953247226,54.5571327180755,60.2246606097157,62.2101121757281,64.9030651603064,67.7604622560364,70.5933497238823,74.2627082219371
"b=0.94",49.3730966390243,46.4541839141114,49.342644646914,50.6134077671967,53.0402680255763,54.8493066019637,60.1942233740685,62.5569228738817,65.4784608376114,67.5802726202199,71.1943578430344,74.5396424033033
"b=0.945",49.7081014878822,46.742336302933,49.3255192876247,50.7564216248572,53.2542643006634,55.1081742633495,60.1139081517315,63.3508160662422,65.5863041044191,67.8894864315824,71.5863823048299,75.2355597222227
"b=0.95",49.793817600881,47.1321618177879,49.2403684955983,51.2549221201023,53.6520907880767,55.469268593868,60.533897360094,63.7149750934768,65.9571896948132,68.4012390439763,71.9787543921306,75.6181581132954
"b=0.955",49.935149747197,47.3841739026981,49.4754250158613,51.6077953230529,54.0429620560196,55.5558854343583,60.8816369527908,64.1651573785749,66.087444906444,68.7553641613568,72.0665817768193,75.9934828070875
"b=0.96",50.1988174704304,47.6207636343295,49.5745792973582,51.7783080072069,54.2455656416084,56.157170361516,61.1106762821093,64.6344460850373,66.5815904848681,69.2172281450427,72.2190545997584,75.6650085801562
"b=0.965",50.4794987885123,47.9053989174309,49.8995173136158,51.6853999840473,54.6679470876468,56.2832304685817,61.4292938452268,65.2215578969435,66.7439845310646,69.551867622653,72.6118452003166,76.2481179723389
"b=0.97",50.7803753994039,48.1907392159266,50.0987727505147,52.0775332198209,55.0464767976125,56.3208501583273,61.5913691839881,65.2520686237586,67.0138929412584,69.7897814616673,73.0067167406968,76.6519039578002
"b=0.975",51.0573351732768,48.4124752866354,50.351470858848,52.2967460704677,55.2536906147289,56.6199458223229,61.7447452615922,65.5896326052687,67.3431605755909,70.489653476459,73.1648649394266,77.0463158561924
"b=0.98",51.3059275041241,48.5504258084447,50.5506901895132,52.5114994073057,55.4978039276436,57.2602184306317,62.2615580117078,65.7928134574743,67.6840684263377,70.6972753394978,73.8184840042878,77.6060557627737
"b=0.985",51.5691538656242,48.6613752028889,51.0427941694167,52.7616405688957,55.798437610365,57.5600901290508,62.6238614269555,65.8555666319322,67.977999149402,71.1152086636487,73.8452109255453,77.8937147152028
"b=0.99",51.8322453742858,48.9198166539225,51.4450960940596,53.0547631817128,56.0162144488221,57.6257336795067,62.9115238744879,66.0322220420909,68.2796505688987,71.5877316341465,74.0998691208354,78.3019818315112
